--
-- PostgreSQL database dump
--

-- Dumped from database version 12.22 (Ubuntu 12.22-0ubuntu0.20.04.2)
-- Dumped by pg_dump version 12.22 (Ubuntu 12.22-0ubuntu0.20.04.2)

SET statement_timeout = 0;
SET lock_timeout = 0;
SET idle_in_transaction_session_timeout = 0;
SET client_encoding = 'UTF8';
SET standard_conforming_strings = on;
SELECT pg_catalog.set_config('search_path', '', false);
SET check_function_bodies = false;
SET xmloption = content;
SET client_min_messages = warning;
SET row_security = off;

SET default_tablespace = '';

SET default_table_access_method = heap;

--
-- Name: auth_group; Type: TABLE; Schema: public; Owner: profi_user
--

CREATE TABLE public.auth_group (
    id integer NOT NULL,
    name character varying(150) NOT NULL
);


ALTER TABLE public.auth_group OWNER TO profi_user;

--
-- Name: auth_group_id_seq; Type: SEQUENCE; Schema: public; Owner: profi_user
--

ALTER TABLE public.auth_group ALTER COLUMN id ADD GENERATED BY DEFAULT AS IDENTITY (
    SEQUENCE NAME public.auth_group_id_seq
    START WITH 1
    INCREMENT BY 1
    NO MINVALUE
    NO MAXVALUE
    CACHE 1
);


--
-- Name: auth_group_permissions; Type: TABLE; Schema: public; Owner: profi_user
--

CREATE TABLE public.auth_group_permissions (
    id bigint NOT NULL,
    group_id integer NOT NULL,
    permission_id integer NOT NULL
);


ALTER TABLE public.auth_group_permissions OWNER TO profi_user;

--
-- Name: auth_group_permissions_id_seq; Type: SEQUENCE; Schema: public; Owner: profi_user
--

ALTER TABLE public.auth_group_permissions ALTER COLUMN id ADD GENERATED BY DEFAULT AS IDENTITY (
    SEQUENCE NAME public.auth_group_permissions_id_seq
    START WITH 1
    INCREMENT BY 1
    NO MINVALUE
    NO MAXVALUE
    CACHE 1
);


--
-- Name: auth_permission; Type: TABLE; Schema: public; Owner: profi_user
--

CREATE TABLE public.auth_permission (
    id integer NOT NULL,
    name character varying(255) NOT NULL,
    content_type_id integer NOT NULL,
    codename character varying(100) NOT NULL
);


ALTER TABLE public.auth_permission OWNER TO profi_user;

--
-- Name: auth_permission_id_seq; Type: SEQUENCE; Schema: public; Owner: profi_user
--

ALTER TABLE public.auth_permission ALTER COLUMN id ADD GENERATED BY DEFAULT AS IDENTITY (
    SEQUENCE NAME public.auth_permission_id_seq
    START WITH 1
    INCREMENT BY 1
    NO MINVALUE
    NO MAXVALUE
    CACHE 1
);


--
-- Name: auth_user; Type: TABLE; Schema: public; Owner: profi_user
--

CREATE TABLE public.auth_user (
    id integer NOT NULL,
    password character varying(128) NOT NULL,
    last_login timestamp with time zone,
    is_superuser boolean NOT NULL,
    username character varying(150) NOT NULL,
    first_name character varying(150) NOT NULL,
    last_name character varying(150) NOT NULL,
    email character varying(254) NOT NULL,
    is_staff boolean NOT NULL,
    is_active boolean NOT NULL,
    date_joined timestamp with time zone NOT NULL
);


ALTER TABLE public.auth_user OWNER TO profi_user;

--
-- Name: auth_user_groups; Type: TABLE; Schema: public; Owner: profi_user
--

CREATE TABLE public.auth_user_groups (
    id bigint NOT NULL,
    user_id integer NOT NULL,
    group_id integer NOT NULL
);


ALTER TABLE public.auth_user_groups OWNER TO profi_user;

--
-- Name: auth_user_groups_id_seq; Type: SEQUENCE; Schema: public; Owner: profi_user
--

ALTER TABLE public.auth_user_groups ALTER COLUMN id ADD GENERATED BY DEFAULT AS IDENTITY (
    SEQUENCE NAME public.auth_user_groups_id_seq
    START WITH 1
    INCREMENT BY 1
    NO MINVALUE
    NO MAXVALUE
    CACHE 1
);


--
-- Name: auth_user_id_seq; Type: SEQUENCE; Schema: public; Owner: profi_user
--

ALTER TABLE public.auth_user ALTER COLUMN id ADD GENERATED BY DEFAULT AS IDENTITY (
    SEQUENCE NAME public.auth_user_id_seq
    START WITH 1
    INCREMENT BY 1
    NO MINVALUE
    NO MAXVALUE
    CACHE 1
);


--
-- Name: auth_user_user_permissions; Type: TABLE; Schema: public; Owner: profi_user
--

CREATE TABLE public.auth_user_user_permissions (
    id bigint NOT NULL,
    user_id integer NOT NULL,
    permission_id integer NOT NULL
);


ALTER TABLE public.auth_user_user_permissions OWNER TO profi_user;

--
-- Name: auth_user_user_permissions_id_seq; Type: SEQUENCE; Schema: public; Owner: profi_user
--

ALTER TABLE public.auth_user_user_permissions ALTER COLUMN id ADD GENERATED BY DEFAULT AS IDENTITY (
    SEQUENCE NAME public.auth_user_user_permissions_id_seq
    START WITH 1
    INCREMENT BY 1
    NO MINVALUE
    NO MAXVALUE
    CACHE 1
);


--
-- Name: categories; Type: TABLE; Schema: public; Owner: profi_user
--

CREATE TABLE public.categories (
    id bigint NOT NULL,
    name character varying(255) NOT NULL
);


ALTER TABLE public.categories OWNER TO profi_user;

--
-- Name: categories_id_seq; Type: SEQUENCE; Schema: public; Owner: profi_user
--

ALTER TABLE public.categories ALTER COLUMN id ADD GENERATED BY DEFAULT AS IDENTITY (
    SEQUENCE NAME public.categories_id_seq
    START WITH 1
    INCREMENT BY 1
    NO MINVALUE
    NO MAXVALUE
    CACHE 1
);


--
-- Name: django_admin_log; Type: TABLE; Schema: public; Owner: profi_user
--

CREATE TABLE public.django_admin_log (
    id integer NOT NULL,
    action_time timestamp with time zone NOT NULL,
    object_id text,
    object_repr character varying(200) NOT NULL,
    action_flag smallint NOT NULL,
    change_message text NOT NULL,
    content_type_id integer,
    user_id integer NOT NULL,
    CONSTRAINT django_admin_log_action_flag_check CHECK ((action_flag >= 0))
);


ALTER TABLE public.django_admin_log OWNER TO profi_user;

--
-- Name: django_admin_log_id_seq; Type: SEQUENCE; Schema: public; Owner: profi_user
--

ALTER TABLE public.django_admin_log ALTER COLUMN id ADD GENERATED BY DEFAULT AS IDENTITY (
    SEQUENCE NAME public.django_admin_log_id_seq
    START WITH 1
    INCREMENT BY 1
    NO MINVALUE
    NO MAXVALUE
    CACHE 1
);


--
-- Name: django_content_type; Type: TABLE; Schema: public; Owner: profi_user
--

CREATE TABLE public.django_content_type (
    id integer NOT NULL,
    app_label character varying(100) NOT NULL,
    model character varying(100) NOT NULL
);


ALTER TABLE public.django_content_type OWNER TO profi_user;

--
-- Name: django_content_type_id_seq; Type: SEQUENCE; Schema: public; Owner: profi_user
--

ALTER TABLE public.django_content_type ALTER COLUMN id ADD GENERATED BY DEFAULT AS IDENTITY (
    SEQUENCE NAME public.django_content_type_id_seq
    START WITH 1
    INCREMENT BY 1
    NO MINVALUE
    NO MAXVALUE
    CACHE 1
);


--
-- Name: django_migrations; Type: TABLE; Schema: public; Owner: profi_user
--

CREATE TABLE public.django_migrations (
    id bigint NOT NULL,
    app character varying(255) NOT NULL,
    name character varying(255) NOT NULL,
    applied timestamp with time zone NOT NULL
);


ALTER TABLE public.django_migrations OWNER TO profi_user;

--
-- Name: django_migrations_id_seq; Type: SEQUENCE; Schema: public; Owner: profi_user
--

ALTER TABLE public.django_migrations ALTER COLUMN id ADD GENERATED BY DEFAULT AS IDENTITY (
    SEQUENCE NAME public.django_migrations_id_seq
    START WITH 1
    INCREMENT BY 1
    NO MINVALUE
    NO MAXVALUE
    CACHE 1
);


--
-- Name: django_session; Type: TABLE; Schema: public; Owner: profi_user
--

CREATE TABLE public.django_session (
    session_key character varying(40) NOT NULL,
    session_data text NOT NULL,
    expire_date timestamp with time zone NOT NULL
);


ALTER TABLE public.django_session OWNER TO profi_user;

--
-- Name: orders; Type: TABLE; Schema: public; Owner: profi_user
--

CREATE TABLE public.orders (
    id bigint NOT NULL,
    date_order timestamp with time zone NOT NULL,
    date_execution timestamp with time zone,
    amount numeric(10,2) NOT NULL,
    price numeric(10,2) NOT NULL,
    status character varying(50) NOT NULL,
    client_id bigint NOT NULL,
    executor_id bigint NOT NULL,
    service_id bigint NOT NULL
);


ALTER TABLE public.orders OWNER TO profi_user;

--
-- Name: orders_id_seq; Type: SEQUENCE; Schema: public; Owner: profi_user
--

ALTER TABLE public.orders ALTER COLUMN id ADD GENERATED BY DEFAULT AS IDENTITY (
    SEQUENCE NAME public.orders_id_seq
    START WITH 1
    INCREMENT BY 1
    NO MINVALUE
    NO MAXVALUE
    CACHE 1
);


--
-- Name: payments; Type: TABLE; Schema: public; Owner: profi_user
--

CREATE TABLE public.payments (
    id bigint NOT NULL,
    date_order timestamp with time zone NOT NULL,
    date_execution timestamp with time zone,
    amount numeric(10,2) NOT NULL,
    price numeric(10,2) NOT NULL,
    status character varying(50) NOT NULL,
    client_id bigint NOT NULL,
    executor_id bigint NOT NULL,
    order_id bigint NOT NULL
);


ALTER TABLE public.payments OWNER TO profi_user;

--
-- Name: payments_id_seq; Type: SEQUENCE; Schema: public; Owner: profi_user
--

ALTER TABLE public.payments ALTER COLUMN id ADD GENERATED BY DEFAULT AS IDENTITY (
    SEQUENCE NAME public.payments_id_seq
    START WITH 1
    INCREMENT BY 1
    NO MINVALUE
    NO MAXVALUE
    CACHE 1
);


--
-- Name: service_sub_categories; Type: TABLE; Schema: public; Owner: profi_user
--

CREATE TABLE public.service_sub_categories (
    id integer NOT NULL,
    service_id integer NOT NULL,
    sub_category_id integer NOT NULL
);


ALTER TABLE public.service_sub_categories OWNER TO profi_user;

--
-- Name: service_sub_categories_id_seq; Type: SEQUENCE; Schema: public; Owner: profi_user
--

CREATE SEQUENCE public.service_sub_categories_id_seq
    AS integer
    START WITH 1
    INCREMENT BY 1
    NO MINVALUE
    NO MAXVALUE
    CACHE 1;


ALTER TABLE public.service_sub_categories_id_seq OWNER TO profi_user;

--
-- Name: service_sub_categories_id_seq; Type: SEQUENCE OWNED BY; Schema: public; Owner: profi_user
--

ALTER SEQUENCE public.service_sub_categories_id_seq OWNED BY public.service_sub_categories.id;


--
-- Name: services; Type: TABLE; Schema: public; Owner: profi_user
--

CREATE TABLE public.services (
    id bigint NOT NULL,
    name character varying(255) NOT NULL,
    description text NOT NULL,
    price numeric(10,2) NOT NULL,
    category_id bigint NOT NULL
);


ALTER TABLE public.services OWNER TO profi_user;

--
-- Name: services_id_seq; Type: SEQUENCE; Schema: public; Owner: profi_user
--

ALTER TABLE public.services ALTER COLUMN id ADD GENERATED BY DEFAULT AS IDENTITY (
    SEQUENCE NAME public.services_id_seq
    START WITH 1
    INCREMENT BY 1
    NO MINVALUE
    NO MAXVALUE
    CACHE 1
);


--
-- Name: services_sub_categories; Type: TABLE; Schema: public; Owner: profi_user
--

CREATE TABLE public.services_sub_categories (
    id bigint NOT NULL,
    service_id bigint NOT NULL,
    subcategory_id bigint NOT NULL
);


ALTER TABLE public.services_sub_categories OWNER TO profi_user;

--
-- Name: services_sub_categories_id_seq; Type: SEQUENCE; Schema: public; Owner: profi_user
--

ALTER TABLE public.services_sub_categories ALTER COLUMN id ADD GENERATED BY DEFAULT AS IDENTITY (
    SEQUENCE NAME public.services_sub_categories_id_seq
    START WITH 1
    INCREMENT BY 1
    NO MINVALUE
    NO MAXVALUE
    CACHE 1
);


--
-- Name: sms_codes; Type: TABLE; Schema: public; Owner: profi_user
--

CREATE TABLE public.sms_codes (
    id bigint NOT NULL,
    phone character varying(128) NOT NULL,
    code character varying(6) NOT NULL,
    created_at timestamp with time zone NOT NULL
);


ALTER TABLE public.sms_codes OWNER TO profi_user;

--
-- Name: sms_codes_id_seq; Type: SEQUENCE; Schema: public; Owner: profi_user
--

ALTER TABLE public.sms_codes ALTER COLUMN id ADD GENERATED BY DEFAULT AS IDENTITY (
    SEQUENCE NAME public.sms_codes_id_seq
    START WITH 1
    INCREMENT BY 1
    NO MINVALUE
    NO MAXVALUE
    CACHE 1
);


--
-- Name: sub_categories; Type: TABLE; Schema: public; Owner: profi_user
--

CREATE TABLE public.sub_categories (
    id bigint NOT NULL,
    name character varying(255) NOT NULL,
    category_id bigint NOT NULL
);


ALTER TABLE public.sub_categories OWNER TO profi_user;

--
-- Name: sub_categories_id_seq; Type: SEQUENCE; Schema: public; Owner: profi_user
--

ALTER TABLE public.sub_categories ALTER COLUMN id ADD GENERATED BY DEFAULT AS IDENTITY (
    SEQUENCE NAME public.sub_categories_id_seq
    START WITH 1
    INCREMENT BY 1
    NO MINVALUE
    NO MAXVALUE
    CACHE 1
);


--
-- Name: users; Type: TABLE; Schema: public; Owner: profi_user
--

CREATE TABLE public.users (
    id bigint NOT NULL,
    name character varying(255) NOT NULL,
    email character varying(254),
    phone character varying(128) NOT NULL,
    address text,
    role character varying(50) NOT NULL,
    password character varying(255),
    created_at timestamp with time zone NOT NULL,
    region character varying(100),
    quantity_order numeric(10,2) NOT NULL,
    rating integer NOT NULL
);


ALTER TABLE public.users OWNER TO profi_user;

--
-- Name: users_id_seq; Type: SEQUENCE; Schema: public; Owner: profi_user
--

ALTER TABLE public.users ALTER COLUMN id ADD GENERATED BY DEFAULT AS IDENTITY (
    SEQUENCE NAME public.users_id_seq
    START WITH 1
    INCREMENT BY 1
    NO MINVALUE
    NO MAXVALUE
    CACHE 1
);


--
-- Name: service_sub_categories id; Type: DEFAULT; Schema: public; Owner: profi_user
--

ALTER TABLE ONLY public.service_sub_categories ALTER COLUMN id SET DEFAULT nextval('public.service_sub_categories_id_seq'::regclass);


--
-- Data for Name: auth_group; Type: TABLE DATA; Schema: public; Owner: profi_user
--

COPY public.auth_group (id, name) FROM stdin;
\.


--
-- Data for Name: auth_group_permissions; Type: TABLE DATA; Schema: public; Owner: profi_user
--

COPY public.auth_group_permissions (id, group_id, permission_id) FROM stdin;
\.


--
-- Data for Name: auth_permission; Type: TABLE DATA; Schema: public; Owner: profi_user
--

COPY public.auth_permission (id, name, content_type_id, codename) FROM stdin;
1	Can add log entry	1	add_logentry
2	Can change log entry	1	change_logentry
3	Can delete log entry	1	delete_logentry
4	Can view log entry	1	view_logentry
5	Can add permission	2	add_permission
6	Can change permission	2	change_permission
7	Can delete permission	2	delete_permission
8	Can view permission	2	view_permission
9	Can add group	3	add_group
10	Can change group	3	change_group
11	Can delete group	3	delete_group
12	Can view group	3	view_group
13	Can add user	4	add_user
14	Can change user	4	change_user
15	Can delete user	4	delete_user
16	Can view user	4	view_user
17	Can add content type	5	add_contenttype
18	Can change content type	5	change_contenttype
19	Can delete content type	5	delete_contenttype
20	Can view content type	5	view_contenttype
21	Can add session	6	add_session
22	Can change session	6	change_session
23	Can delete session	6	delete_session
24	Can view session	6	view_session
25	Can add category	7	add_category
26	Can change category	7	change_category
27	Can delete category	7	delete_category
28	Can view category	7	view_category
29	Can add order	8	add_order
30	Can change order	8	change_order
31	Can delete order	8	delete_order
32	Can view order	8	view_order
33	Can add sms code	9	add_smscode
34	Can change sms code	9	change_smscode
35	Can delete sms code	9	delete_smscode
36	Can view sms code	9	view_smscode
37	Can add user	10	add_user
38	Can change user	10	change_user
39	Can delete user	10	delete_user
40	Can view user	10	view_user
41	Can add service	11	add_service
42	Can change service	11	change_service
43	Can delete service	11	delete_service
44	Can view service	11	view_service
45	Can add payment	12	add_payment
46	Can change payment	12	change_payment
47	Can delete payment	12	delete_payment
48	Can view payment	12	view_payment
49	Can add sub category	13	add_subcategory
50	Can change sub category	13	change_subcategory
51	Can delete sub category	13	delete_subcategory
52	Can view sub category	13	view_subcategory
\.


--
-- Data for Name: auth_user; Type: TABLE DATA; Schema: public; Owner: profi_user
--

COPY public.auth_user (id, password, last_login, is_superuser, username, first_name, last_name, email, is_staff, is_active, date_joined) FROM stdin;
\.


--
-- Data for Name: auth_user_groups; Type: TABLE DATA; Schema: public; Owner: profi_user
--

COPY public.auth_user_groups (id, user_id, group_id) FROM stdin;
\.


--
-- Data for Name: auth_user_user_permissions; Type: TABLE DATA; Schema: public; Owner: profi_user
--

COPY public.auth_user_user_permissions (id, user_id, permission_id) FROM stdin;
\.


--
-- Data for Name: categories; Type: TABLE DATA; Schema: public; Owner: profi_user
--

COPY public.categories (id, name) FROM stdin;
1	Cleaning
2	Plumbing
3	Electrical
\.


--
-- Data for Name: django_admin_log; Type: TABLE DATA; Schema: public; Owner: profi_user
--

COPY public.django_admin_log (id, action_time, object_id, object_repr, action_flag, change_message, content_type_id, user_id) FROM stdin;
\.


--
-- Data for Name: django_content_type; Type: TABLE DATA; Schema: public; Owner: profi_user
--

COPY public.django_content_type (id, app_label, model) FROM stdin;
1	admin	logentry
2	auth	permission
3	auth	group
4	auth	user
5	contenttypes	contenttype
6	sessions	session
7	core	category
8	core	order
9	core	smscode
10	core	user
11	core	service
12	core	payment
13	core	subcategory
\.


--
-- Data for Name: django_migrations; Type: TABLE DATA; Schema: public; Owner: profi_user
--

COPY public.django_migrations (id, app, name, applied) FROM stdin;
1	contenttypes	0001_initial	2025-03-15 11:45:00.989221+00
2	auth	0001_initial	2025-03-15 11:45:01.044458+00
3	admin	0001_initial	2025-03-15 11:45:01.058855+00
4	admin	0002_logentry_remove_auto_add	2025-03-15 11:45:01.063982+00
5	admin	0003_logentry_add_action_flag_choices	2025-03-15 11:45:01.06955+00
6	contenttypes	0002_remove_content_type_name	2025-03-15 11:45:01.079739+00
7	auth	0002_alter_permission_name_max_length	2025-03-15 11:45:01.086807+00
8	auth	0003_alter_user_email_max_length	2025-03-15 11:45:01.094519+00
9	auth	0004_alter_user_username_opts	2025-03-15 11:45:01.100476+00
10	auth	0005_alter_user_last_login_null	2025-03-15 11:45:01.106872+00
11	auth	0006_require_contenttypes_0002	2025-03-15 11:45:01.109787+00
12	auth	0007_alter_validators_add_error_messages	2025-03-15 11:45:01.115608+00
13	auth	0008_alter_user_username_max_length	2025-03-15 11:45:01.124273+00
14	auth	0009_alter_user_last_name_max_length	2025-03-15 11:45:01.130206+00
15	auth	0010_alter_group_name_max_length	2025-03-15 11:45:01.137232+00
16	auth	0011_update_proxy_permissions	2025-03-15 11:45:01.142595+00
17	auth	0012_alter_user_first_name_max_length	2025-03-15 11:45:01.149692+00
18	core	0001_initial	2025-03-15 11:45:01.205799+00
19	core	0002_subcategory_service_sub_categories	2025-03-15 11:45:01.228757+00
20	sessions	0001_initial	2025-03-15 11:45:01.23864+00
\.


--
-- Data for Name: django_session; Type: TABLE DATA; Schema: public; Owner: profi_user
--

COPY public.django_session (session_key, session_data, expire_date) FROM stdin;
\.


--
-- Data for Name: orders; Type: TABLE DATA; Schema: public; Owner: profi_user
--

COPY public.orders (id, date_order, date_execution, amount, price, status, client_id, executor_id, service_id) FROM stdin;
\.


--
-- Data for Name: payments; Type: TABLE DATA; Schema: public; Owner: profi_user
--

COPY public.payments (id, date_order, date_execution, amount, price, status, client_id, executor_id, order_id) FROM stdin;
\.


--
-- Data for Name: service_sub_categories; Type: TABLE DATA; Schema: public; Owner: profi_user
--

COPY public.service_sub_categories (id, service_id, sub_category_id) FROM stdin;
1	1	1
2	1	2
3	2	3
\.


--
-- Data for Name: services; Type: TABLE DATA; Schema: public; Owner: profi_user
--

COPY public.services (id, name, description, price, category_id) FROM stdin;
1	Cleaning Service	General cleaning	50.00	1
2	Plumbing Service	Fixing pipes	75.00	2
\.


--
-- Data for Name: services_sub_categories; Type: TABLE DATA; Schema: public; Owner: profi_user
--

COPY public.services_sub_categories (id, service_id, subcategory_id) FROM stdin;
\.


--
-- Data for Name: sms_codes; Type: TABLE DATA; Schema: public; Owner: profi_user
--

COPY public.sms_codes (id, phone, code, created_at) FROM stdin;
\.


--
-- Data for Name: sub_categories; Type: TABLE DATA; Schema: public; Owner: profi_user
--

COPY public.sub_categories (id, name, category_id) FROM stdin;
1	House Cleaning	1
2	Office Cleaning	1
3	Pipe Repair	2
\.


--
-- Data for Name: users; Type: TABLE DATA; Schema: public; Owner: profi_user
--

COPY public.users (id, name, email, phone, address, role, password, created_at, region, quantity_order, rating) FROM stdin;
\.


--
-- Name: auth_group_id_seq; Type: SEQUENCE SET; Schema: public; Owner: profi_user
--

SELECT pg_catalog.setval('public.auth_group_id_seq', 1, false);


--
-- Name: auth_group_permissions_id_seq; Type: SEQUENCE SET; Schema: public; Owner: profi_user
--

SELECT pg_catalog.setval('public.auth_group_permissions_id_seq', 1, false);


--
-- Name: auth_permission_id_seq; Type: SEQUENCE SET; Schema: public; Owner: profi_user
--

SELECT pg_catalog.setval('public.auth_permission_id_seq', 52, true);


--
-- Name: auth_user_groups_id_seq; Type: SEQUENCE SET; Schema: public; Owner: profi_user
--

SELECT pg_catalog.setval('public.auth_user_groups_id_seq', 1, false);


--
-- Name: auth_user_id_seq; Type: SEQUENCE SET; Schema: public; Owner: profi_user
--

SELECT pg_catalog.setval('public.auth_user_id_seq', 1, false);


--
-- Name: auth_user_user_permissions_id_seq; Type: SEQUENCE SET; Schema: public; Owner: profi_user
--

SELECT pg_catalog.setval('public.auth_user_user_permissions_id_seq', 1, false);


--
-- Name: categories_id_seq; Type: SEQUENCE SET; Schema: public; Owner: profi_user
--

SELECT pg_catalog.setval('public.categories_id_seq', 3, true);


--
-- Name: django_admin_log_id_seq; Type: SEQUENCE SET; Schema: public; Owner: profi_user
--

SELECT pg_catalog.setval('public.django_admin_log_id_seq', 1, false);


--
-- Name: django_content_type_id_seq; Type: SEQUENCE SET; Schema: public; Owner: profi_user
--

SELECT pg_catalog.setval('public.django_content_type_id_seq', 13, true);


--
-- Name: django_migrations_id_seq; Type: SEQUENCE SET; Schema: public; Owner: profi_user
--

SELECT pg_catalog.setval('public.django_migrations_id_seq', 20, true);


--
-- Name: orders_id_seq; Type: SEQUENCE SET; Schema: public; Owner: profi_user
--

SELECT pg_catalog.setval('public.orders_id_seq', 1, false);


--
-- Name: payments_id_seq; Type: SEQUENCE SET; Schema: public; Owner: profi_user
--

SELECT pg_catalog.setval('public.payments_id_seq', 1, false);


--
-- Name: service_sub_categories_id_seq; Type: SEQUENCE SET; Schema: public; Owner: profi_user
--

SELECT pg_catalog.setval('public.service_sub_categories_id_seq', 3, true);


--
-- Name: services_id_seq; Type: SEQUENCE SET; Schema: public; Owner: profi_user
--

SELECT pg_catalog.setval('public.services_id_seq', 2, true);


--
-- Name: services_sub_categories_id_seq; Type: SEQUENCE SET; Schema: public; Owner: profi_user
--

SELECT pg_catalog.setval('public.services_sub_categories_id_seq', 1, false);


--
-- Name: sms_codes_id_seq; Type: SEQUENCE SET; Schema: public; Owner: profi_user
--

SELECT pg_catalog.setval('public.sms_codes_id_seq', 1, false);


--
-- Name: sub_categories_id_seq; Type: SEQUENCE SET; Schema: public; Owner: profi_user
--

SELECT pg_catalog.setval('public.sub_categories_id_seq', 3, true);


--
-- Name: users_id_seq; Type: SEQUENCE SET; Schema: public; Owner: profi_user
--

SELECT pg_catalog.setval('public.users_id_seq', 1, true);


--
-- Name: auth_group auth_group_name_key; Type: CONSTRAINT; Schema: public; Owner: profi_user
--

ALTER TABLE ONLY public.auth_group
    ADD CONSTRAINT auth_group_name_key UNIQUE (name);


--
-- Name: auth_group_permissions auth_group_permissions_group_id_permission_id_0cd325b0_uniq; Type: CONSTRAINT; Schema: public; Owner: profi_user
--

ALTER TABLE ONLY public.auth_group_permissions
    ADD CONSTRAINT auth_group_permissions_group_id_permission_id_0cd325b0_uniq UNIQUE (group_id, permission_id);


--
-- Name: auth_group_permissions auth_group_permissions_pkey; Type: CONSTRAINT; Schema: public; Owner: profi_user
--

ALTER TABLE ONLY public.auth_group_permissions
    ADD CONSTRAINT auth_group_permissions_pkey PRIMARY KEY (id);


--
-- Name: auth_group auth_group_pkey; Type: CONSTRAINT; Schema: public; Owner: profi_user
--

ALTER TABLE ONLY public.auth_group
    ADD CONSTRAINT auth_group_pkey PRIMARY KEY (id);


--
-- Name: auth_permission auth_permission_content_type_id_codename_01ab375a_uniq; Type: CONSTRAINT; Schema: public; Owner: profi_user
--

ALTER TABLE ONLY public.auth_permission
    ADD CONSTRAINT auth_permission_content_type_id_codename_01ab375a_uniq UNIQUE (content_type_id, codename);


--
-- Name: auth_permission auth_permission_pkey; Type: CONSTRAINT; Schema: public; Owner: profi_user
--

ALTER TABLE ONLY public.auth_permission
    ADD CONSTRAINT auth_permission_pkey PRIMARY KEY (id);


--
-- Name: auth_user_groups auth_user_groups_pkey; Type: CONSTRAINT; Schema: public; Owner: profi_user
--

ALTER TABLE ONLY public.auth_user_groups
    ADD CONSTRAINT auth_user_groups_pkey PRIMARY KEY (id);


--
-- Name: auth_user_groups auth_user_groups_user_id_group_id_94350c0c_uniq; Type: CONSTRAINT; Schema: public; Owner: profi_user
--

ALTER TABLE ONLY public.auth_user_groups
    ADD CONSTRAINT auth_user_groups_user_id_group_id_94350c0c_uniq UNIQUE (user_id, group_id);


--
-- Name: auth_user auth_user_pkey; Type: CONSTRAINT; Schema: public; Owner: profi_user
--

ALTER TABLE ONLY public.auth_user
    ADD CONSTRAINT auth_user_pkey PRIMARY KEY (id);


--
-- Name: auth_user_user_permissions auth_user_user_permissions_pkey; Type: CONSTRAINT; Schema: public; Owner: profi_user
--

ALTER TABLE ONLY public.auth_user_user_permissions
    ADD CONSTRAINT auth_user_user_permissions_pkey PRIMARY KEY (id);


--
-- Name: auth_user_user_permissions auth_user_user_permissions_user_id_permission_id_14a6b632_uniq; Type: CONSTRAINT; Schema: public; Owner: profi_user
--

ALTER TABLE ONLY public.auth_user_user_permissions
    ADD CONSTRAINT auth_user_user_permissions_user_id_permission_id_14a6b632_uniq UNIQUE (user_id, permission_id);


--
-- Name: auth_user auth_user_username_key; Type: CONSTRAINT; Schema: public; Owner: profi_user
--

ALTER TABLE ONLY public.auth_user
    ADD CONSTRAINT auth_user_username_key UNIQUE (username);


--
-- Name: categories categories_pkey; Type: CONSTRAINT; Schema: public; Owner: profi_user
--

ALTER TABLE ONLY public.categories
    ADD CONSTRAINT categories_pkey PRIMARY KEY (id);


--
-- Name: django_admin_log django_admin_log_pkey; Type: CONSTRAINT; Schema: public; Owner: profi_user
--

ALTER TABLE ONLY public.django_admin_log
    ADD CONSTRAINT django_admin_log_pkey PRIMARY KEY (id);


--
-- Name: django_content_type django_content_type_app_label_model_76bd3d3b_uniq; Type: CONSTRAINT; Schema: public; Owner: profi_user
--

ALTER TABLE ONLY public.django_content_type
    ADD CONSTRAINT django_content_type_app_label_model_76bd3d3b_uniq UNIQUE (app_label, model);


--
-- Name: django_content_type django_content_type_pkey; Type: CONSTRAINT; Schema: public; Owner: profi_user
--

ALTER TABLE ONLY public.django_content_type
    ADD CONSTRAINT django_content_type_pkey PRIMARY KEY (id);


--
-- Name: django_migrations django_migrations_pkey; Type: CONSTRAINT; Schema: public; Owner: profi_user
--

ALTER TABLE ONLY public.django_migrations
    ADD CONSTRAINT django_migrations_pkey PRIMARY KEY (id);


--
-- Name: django_session django_session_pkey; Type: CONSTRAINT; Schema: public; Owner: profi_user
--

ALTER TABLE ONLY public.django_session
    ADD CONSTRAINT django_session_pkey PRIMARY KEY (session_key);


--
-- Name: orders orders_pkey; Type: CONSTRAINT; Schema: public; Owner: profi_user
--

ALTER TABLE ONLY public.orders
    ADD CONSTRAINT orders_pkey PRIMARY KEY (id);


--
-- Name: payments payments_pkey; Type: CONSTRAINT; Schema: public; Owner: profi_user
--

ALTER TABLE ONLY public.payments
    ADD CONSTRAINT payments_pkey PRIMARY KEY (id);


--
-- Name: service_sub_categories service_sub_categories_pkey; Type: CONSTRAINT; Schema: public; Owner: profi_user
--

ALTER TABLE ONLY public.service_sub_categories
    ADD CONSTRAINT service_sub_categories_pkey PRIMARY KEY (id);


--
-- Name: service_sub_categories service_sub_categories_service_id_sub_category_id_key; Type: CONSTRAINT; Schema: public; Owner: profi_user
--

ALTER TABLE ONLY public.service_sub_categories
    ADD CONSTRAINT service_sub_categories_service_id_sub_category_id_key UNIQUE (service_id, sub_category_id);


--
-- Name: services services_pkey; Type: CONSTRAINT; Schema: public; Owner: profi_user
--

ALTER TABLE ONLY public.services
    ADD CONSTRAINT services_pkey PRIMARY KEY (id);


--
-- Name: services_sub_categories services_sub_categories_pkey; Type: CONSTRAINT; Schema: public; Owner: profi_user
--

ALTER TABLE ONLY public.services_sub_categories
    ADD CONSTRAINT services_sub_categories_pkey PRIMARY KEY (id);


--
-- Name: services_sub_categories services_sub_categories_service_id_subcategory_id_8a8941ae_uniq; Type: CONSTRAINT; Schema: public; Owner: profi_user
--

ALTER TABLE ONLY public.services_sub_categories
    ADD CONSTRAINT services_sub_categories_service_id_subcategory_id_8a8941ae_uniq UNIQUE (service_id, subcategory_id);


--
-- Name: sms_codes sms_codes_pkey; Type: CONSTRAINT; Schema: public; Owner: profi_user
--

ALTER TABLE ONLY public.sms_codes
    ADD CONSTRAINT sms_codes_pkey PRIMARY KEY (id);


--
-- Name: sub_categories sub_categories_pkey; Type: CONSTRAINT; Schema: public; Owner: profi_user
--

ALTER TABLE ONLY public.sub_categories
    ADD CONSTRAINT sub_categories_pkey PRIMARY KEY (id);


--
-- Name: users users_email_key; Type: CONSTRAINT; Schema: public; Owner: profi_user
--

ALTER TABLE ONLY public.users
    ADD CONSTRAINT users_email_key UNIQUE (email);


--
-- Name: users users_phone_key; Type: CONSTRAINT; Schema: public; Owner: profi_user
--

ALTER TABLE ONLY public.users
    ADD CONSTRAINT users_phone_key UNIQUE (phone);


--
-- Name: users users_pkey; Type: CONSTRAINT; Schema: public; Owner: profi_user
--

ALTER TABLE ONLY public.users
    ADD CONSTRAINT users_pkey PRIMARY KEY (id);


--
-- Name: auth_group_name_a6ea08ec_like; Type: INDEX; Schema: public; Owner: profi_user
--

CREATE INDEX auth_group_name_a6ea08ec_like ON public.auth_group USING btree (name varchar_pattern_ops);


--
-- Name: auth_group_permissions_group_id_b120cbf9; Type: INDEX; Schema: public; Owner: profi_user
--

CREATE INDEX auth_group_permissions_group_id_b120cbf9 ON public.auth_group_permissions USING btree (group_id);


--
-- Name: auth_group_permissions_permission_id_84c5c92e; Type: INDEX; Schema: public; Owner: profi_user
--

CREATE INDEX auth_group_permissions_permission_id_84c5c92e ON public.auth_group_permissions USING btree (permission_id);


--
-- Name: auth_permission_content_type_id_2f476e4b; Type: INDEX; Schema: public; Owner: profi_user
--

CREATE INDEX auth_permission_content_type_id_2f476e4b ON public.auth_permission USING btree (content_type_id);


--
-- Name: auth_user_groups_group_id_97559544; Type: INDEX; Schema: public; Owner: profi_user
--

CREATE INDEX auth_user_groups_group_id_97559544 ON public.auth_user_groups USING btree (group_id);


--
-- Name: auth_user_groups_user_id_6a12ed8b; Type: INDEX; Schema: public; Owner: profi_user
--

CREATE INDEX auth_user_groups_user_id_6a12ed8b ON public.auth_user_groups USING btree (user_id);


--
-- Name: auth_user_user_permissions_permission_id_1fbb5f2c; Type: INDEX; Schema: public; Owner: profi_user
--

CREATE INDEX auth_user_user_permissions_permission_id_1fbb5f2c ON public.auth_user_user_permissions USING btree (permission_id);


--
-- Name: auth_user_user_permissions_user_id_a95ead1b; Type: INDEX; Schema: public; Owner: profi_user
--

CREATE INDEX auth_user_user_permissions_user_id_a95ead1b ON public.auth_user_user_permissions USING btree (user_id);


--
-- Name: auth_user_username_6821ab7c_like; Type: INDEX; Schema: public; Owner: profi_user
--

CREATE INDEX auth_user_username_6821ab7c_like ON public.auth_user USING btree (username varchar_pattern_ops);


--
-- Name: django_admin_log_content_type_id_c4bce8eb; Type: INDEX; Schema: public; Owner: profi_user
--

CREATE INDEX django_admin_log_content_type_id_c4bce8eb ON public.django_admin_log USING btree (content_type_id);


--
-- Name: django_admin_log_user_id_c564eba6; Type: INDEX; Schema: public; Owner: profi_user
--

CREATE INDEX django_admin_log_user_id_c564eba6 ON public.django_admin_log USING btree (user_id);


--
-- Name: django_session_expire_date_a5c62663; Type: INDEX; Schema: public; Owner: profi_user
--

CREATE INDEX django_session_expire_date_a5c62663 ON public.django_session USING btree (expire_date);


--
-- Name: django_session_session_key_c0390e0f_like; Type: INDEX; Schema: public; Owner: profi_user
--

CREATE INDEX django_session_session_key_c0390e0f_like ON public.django_session USING btree (session_key varchar_pattern_ops);


--
-- Name: orders_client_id_67f0b211; Type: INDEX; Schema: public; Owner: profi_user
--

CREATE INDEX orders_client_id_67f0b211 ON public.orders USING btree (client_id);


--
-- Name: orders_executor_id_656add1f; Type: INDEX; Schema: public; Owner: profi_user
--

CREATE INDEX orders_executor_id_656add1f ON public.orders USING btree (executor_id);


--
-- Name: orders_service_id_a14ad139; Type: INDEX; Schema: public; Owner: profi_user
--

CREATE INDEX orders_service_id_a14ad139 ON public.orders USING btree (service_id);


--
-- Name: payments_client_id_ee9e25ba; Type: INDEX; Schema: public; Owner: profi_user
--

CREATE INDEX payments_client_id_ee9e25ba ON public.payments USING btree (client_id);


--
-- Name: payments_executor_id_370fed4d; Type: INDEX; Schema: public; Owner: profi_user
--

CREATE INDEX payments_executor_id_370fed4d ON public.payments USING btree (executor_id);


--
-- Name: payments_order_id_6086ad70; Type: INDEX; Schema: public; Owner: profi_user
--

CREATE INDEX payments_order_id_6086ad70 ON public.payments USING btree (order_id);


--
-- Name: services_category_id_a33744a9; Type: INDEX; Schema: public; Owner: profi_user
--

CREATE INDEX services_category_id_a33744a9 ON public.services USING btree (category_id);


--
-- Name: services_sub_categories_service_id_4b827dde; Type: INDEX; Schema: public; Owner: profi_user
--

CREATE INDEX services_sub_categories_service_id_4b827dde ON public.services_sub_categories USING btree (service_id);


--
-- Name: services_sub_categories_subcategory_id_624dbbd4; Type: INDEX; Schema: public; Owner: profi_user
--

CREATE INDEX services_sub_categories_subcategory_id_624dbbd4 ON public.services_sub_categories USING btree (subcategory_id);


--
-- Name: sub_categories_category_id_dc42080e; Type: INDEX; Schema: public; Owner: profi_user
--

CREATE INDEX sub_categories_category_id_dc42080e ON public.sub_categories USING btree (category_id);


--
-- Name: users_email_0ea73cca_like; Type: INDEX; Schema: public; Owner: profi_user
--

CREATE INDEX users_email_0ea73cca_like ON public.users USING btree (email varchar_pattern_ops);


--
-- Name: users_phone_2b77170a_like; Type: INDEX; Schema: public; Owner: profi_user
--

CREATE INDEX users_phone_2b77170a_like ON public.users USING btree (phone varchar_pattern_ops);


--
-- Name: auth_group_permissions auth_group_permissio_permission_id_84c5c92e_fk_auth_perm; Type: FK CONSTRAINT; Schema: public; Owner: profi_user
--

ALTER TABLE ONLY public.auth_group_permissions
    ADD CONSTRAINT auth_group_permissio_permission_id_84c5c92e_fk_auth_perm FOREIGN KEY (permission_id) REFERENCES public.auth_permission(id) DEFERRABLE INITIALLY DEFERRED;


--
-- Name: auth_group_permissions auth_group_permissions_group_id_b120cbf9_fk_auth_group_id; Type: FK CONSTRAINT; Schema: public; Owner: profi_user
--

ALTER TABLE ONLY public.auth_group_permissions
    ADD CONSTRAINT auth_group_permissions_group_id_b120cbf9_fk_auth_group_id FOREIGN KEY (group_id) REFERENCES public.auth_group(id) DEFERRABLE INITIALLY DEFERRED;


--
-- Name: auth_permission auth_permission_content_type_id_2f476e4b_fk_django_co; Type: FK CONSTRAINT; Schema: public; Owner: profi_user
--

ALTER TABLE ONLY public.auth_permission
    ADD CONSTRAINT auth_permission_content_type_id_2f476e4b_fk_django_co FOREIGN KEY (content_type_id) REFERENCES public.django_content_type(id) DEFERRABLE INITIALLY DEFERRED;


--
-- Name: auth_user_groups auth_user_groups_group_id_97559544_fk_auth_group_id; Type: FK CONSTRAINT; Schema: public; Owner: profi_user
--

ALTER TABLE ONLY public.auth_user_groups
    ADD CONSTRAINT auth_user_groups_group_id_97559544_fk_auth_group_id FOREIGN KEY (group_id) REFERENCES public.auth_group(id) DEFERRABLE INITIALLY DEFERRED;


--
-- Name: auth_user_groups auth_user_groups_user_id_6a12ed8b_fk_auth_user_id; Type: FK CONSTRAINT; Schema: public; Owner: profi_user
--

ALTER TABLE ONLY public.auth_user_groups
    ADD CONSTRAINT auth_user_groups_user_id_6a12ed8b_fk_auth_user_id FOREIGN KEY (user_id) REFERENCES public.auth_user(id) DEFERRABLE INITIALLY DEFERRED;


--
-- Name: auth_user_user_permissions auth_user_user_permi_permission_id_1fbb5f2c_fk_auth_perm; Type: FK CONSTRAINT; Schema: public; Owner: profi_user
--

ALTER TABLE ONLY public.auth_user_user_permissions
    ADD CONSTRAINT auth_user_user_permi_permission_id_1fbb5f2c_fk_auth_perm FOREIGN KEY (permission_id) REFERENCES public.auth_permission(id) DEFERRABLE INITIALLY DEFERRED;


--
-- Name: auth_user_user_permissions auth_user_user_permissions_user_id_a95ead1b_fk_auth_user_id; Type: FK CONSTRAINT; Schema: public; Owner: profi_user
--

ALTER TABLE ONLY public.auth_user_user_permissions
    ADD CONSTRAINT auth_user_user_permissions_user_id_a95ead1b_fk_auth_user_id FOREIGN KEY (user_id) REFERENCES public.auth_user(id) DEFERRABLE INITIALLY DEFERRED;


--
-- Name: django_admin_log django_admin_log_content_type_id_c4bce8eb_fk_django_co; Type: FK CONSTRAINT; Schema: public; Owner: profi_user
--

ALTER TABLE ONLY public.django_admin_log
    ADD CONSTRAINT django_admin_log_content_type_id_c4bce8eb_fk_django_co FOREIGN KEY (content_type_id) REFERENCES public.django_content_type(id) DEFERRABLE INITIALLY DEFERRED;


--
-- Name: django_admin_log django_admin_log_user_id_c564eba6_fk_auth_user_id; Type: FK CONSTRAINT; Schema: public; Owner: profi_user
--

ALTER TABLE ONLY public.django_admin_log
    ADD CONSTRAINT django_admin_log_user_id_c564eba6_fk_auth_user_id FOREIGN KEY (user_id) REFERENCES public.auth_user(id) DEFERRABLE INITIALLY DEFERRED;


--
-- Name: orders orders_client_id_67f0b211_fk_users_id; Type: FK CONSTRAINT; Schema: public; Owner: profi_user
--

ALTER TABLE ONLY public.orders
    ADD CONSTRAINT orders_client_id_67f0b211_fk_users_id FOREIGN KEY (client_id) REFERENCES public.users(id) DEFERRABLE INITIALLY DEFERRED;


--
-- Name: orders orders_executor_id_656add1f_fk_users_id; Type: FK CONSTRAINT; Schema: public; Owner: profi_user
--

ALTER TABLE ONLY public.orders
    ADD CONSTRAINT orders_executor_id_656add1f_fk_users_id FOREIGN KEY (executor_id) REFERENCES public.users(id) DEFERRABLE INITIALLY DEFERRED;


--
-- Name: orders orders_service_id_a14ad139_fk_services_id; Type: FK CONSTRAINT; Schema: public; Owner: profi_user
--

ALTER TABLE ONLY public.orders
    ADD CONSTRAINT orders_service_id_a14ad139_fk_services_id FOREIGN KEY (service_id) REFERENCES public.services(id) DEFERRABLE INITIALLY DEFERRED;


--
-- Name: payments payments_client_id_ee9e25ba_fk_users_id; Type: FK CONSTRAINT; Schema: public; Owner: profi_user
--

ALTER TABLE ONLY public.payments
    ADD CONSTRAINT payments_client_id_ee9e25ba_fk_users_id FOREIGN KEY (client_id) REFERENCES public.users(id) DEFERRABLE INITIALLY DEFERRED;


--
-- Name: payments payments_executor_id_370fed4d_fk_users_id; Type: FK CONSTRAINT; Schema: public; Owner: profi_user
--

ALTER TABLE ONLY public.payments
    ADD CONSTRAINT payments_executor_id_370fed4d_fk_users_id FOREIGN KEY (executor_id) REFERENCES public.users(id) DEFERRABLE INITIALLY DEFERRED;


--
-- Name: payments payments_order_id_6086ad70_fk_orders_id; Type: FK CONSTRAINT; Schema: public; Owner: profi_user
--

ALTER TABLE ONLY public.payments
    ADD CONSTRAINT payments_order_id_6086ad70_fk_orders_id FOREIGN KEY (order_id) REFERENCES public.orders(id) DEFERRABLE INITIALLY DEFERRED;


--
-- Name: service_sub_categories service_sub_categories_service_id_fkey; Type: FK CONSTRAINT; Schema: public; Owner: profi_user
--

ALTER TABLE ONLY public.service_sub_categories
    ADD CONSTRAINT service_sub_categories_service_id_fkey FOREIGN KEY (service_id) REFERENCES public.services(id) ON DELETE CASCADE;


--
-- Name: service_sub_categories service_sub_categories_sub_category_id_fkey; Type: FK CONSTRAINT; Schema: public; Owner: profi_user
--

ALTER TABLE ONLY public.service_sub_categories
    ADD CONSTRAINT service_sub_categories_sub_category_id_fkey FOREIGN KEY (sub_category_id) REFERENCES public.sub_categories(id) ON DELETE CASCADE;


--
-- Name: services services_category_id_a33744a9_fk_categories_id; Type: FK CONSTRAINT; Schema: public; Owner: profi_user
--

ALTER TABLE ONLY public.services
    ADD CONSTRAINT services_category_id_a33744a9_fk_categories_id FOREIGN KEY (category_id) REFERENCES public.categories(id) DEFERRABLE INITIALLY DEFERRED;


--
-- Name: services_sub_categories services_sub_categor_subcategory_id_624dbbd4_fk_sub_categ; Type: FK CONSTRAINT; Schema: public; Owner: profi_user
--

ALTER TABLE ONLY public.services_sub_categories
    ADD CONSTRAINT services_sub_categor_subcategory_id_624dbbd4_fk_sub_categ FOREIGN KEY (subcategory_id) REFERENCES public.sub_categories(id) DEFERRABLE INITIALLY DEFERRED;


--
-- Name: services_sub_categories services_sub_categories_service_id_4b827dde_fk_services_id; Type: FK CONSTRAINT; Schema: public; Owner: profi_user
--

ALTER TABLE ONLY public.services_sub_categories
    ADD CONSTRAINT services_sub_categories_service_id_4b827dde_fk_services_id FOREIGN KEY (service_id) REFERENCES public.services(id) DEFERRABLE INITIALLY DEFERRED;


--
-- Name: sub_categories sub_categories_category_id_dc42080e_fk_categories_id; Type: FK CONSTRAINT; Schema: public; Owner: profi_user
--

ALTER TABLE ONLY public.sub_categories
    ADD CONSTRAINT sub_categories_category_id_dc42080e_fk_categories_id FOREIGN KEY (category_id) REFERENCES public.categories(id) DEFERRABLE INITIALLY DEFERRED;


--
-- PostgreSQL database dump complete
--

